model,MAE,Spearman_rho,Macro_F1
GridPosition,10.437773147202167,0.6516486350458175,0.005263157894736842
DummyRegressor,4.990574390439132,0.0,0.004771371769383697
